deal_id,customer_id,deal_type,deal_date,amount_eur,owner
DEAL-000001,CUST-0001,signup,2024-01-15,4500.0,Connie Lawrence
DEAL-000002,CUST-0001,expansion,2024-04-10,1500.0,Abigail Shaffer
DEAL-000003,CUST-0001,expansion,2024-07-22,2000.0,Allison Hill
DEAL-000004,CUST-0001,expansion,2024-10-18,1500.0,Angie Henderson
DEAL-000005,CUST-0001,downgrade,2025-03-28,-3000.0,Gina Moore
DEAL-000006,CUST-0001,churn,2025-04-30,-6500.0,Connie Lawrence
DEAL-000007,CUST-0002,signup,2025-08-30,125.0,Angie Henderson
DEAL-000008,CUST-0002,expansion,2025-11-21,48.0,Connie Lawrence
DEAL-000009,CUST-0002,expansion,2025-12-16,24.0,Abigail Shaffer
DEAL-000010,CUST-0003,signup,2025-12-06,125.0,Connie Lawrence
DEAL-000011,CUST-0004,signup,2025-01-16,89.0,Cristian Santos
DEAL-000012,CUST-0005,signup,2024-12-09,89.0,Daniel Wagner
DEAL-000013,CUST-0005,churn,2025-09-13,-89.0,Noah Rhodes
DEAL-000014,CUST-0006,signup,22-04-2024,89.0,Allison Hill
DEAL-000015,CUST-0007,signup,2025-07-04,89.0,Abigail Shaffer
DEAL-000016,CUST-0007,expansion,2025-11-04,53.0,Noah Rhodes
DEAL-000017,CUST-0007,expansion,2025-12-05,31.0,Cristian Santos
DEAL-000018,CUST-0008,signup,2024-12-01,89.0,Cristian Santos
DEAL-000019,CUST-0009,signup,2024-10-28,89.0,Gina Moore
DEAL-000020,CUST-0010,signup,2025-11-21,125.0,Daniel Wagner
DEAL-000021,CUST-0011,signup,2025-08-07,89.0,Cristian Santos
DEAL-000022,CUST-0011,churn,2025-08-30,-89.0,Gina Moore
DEAL-000023,CUST-0012,signup,2024-01-04,89.0,Angie Henderson
DEAL-000024,CUST-0012,expansion,2024-09-24,27.0,Noah Rhodes
DEAL-000025,CUST-0012,churn,2025-08-26,-116.0,Gina Moore
DEAL-000026,CUST-0013,signup,2025-01-29,89.0,Angie Henderson
DEAL-000027,CUST-0013,churn,2025-09-03,-89.0,Gina Moore
DEAL-000028,CUST-0014,signup,2025-12-09,125.0,Noah Rhodes
DEAL-000029,CUST-0015,signup,2024-10-06,89.0,Noah Rhodes
DEAL-000030,CUST-0015,expansion,2025-11-11,42.0,Cristian Santos
DEAL-000031,CUST-0015,expansion,2025-11-19,40.0,Cristian Santos
DEAL-000032,CUST-0016,signup,2025-10-16,125.0,Angie Henderson
DEAL-000033,CUST-0017,signup,02/26/2025,89.0,Angie Henderson
DEAL-000034,CUST-0017,expansion,2025-10-26,60.0,Connie Lawrence
DEAL-000035,CUST-0018,signup,2025-09-02,125.0,Daniel Wagner
DEAL-000036,CUST-0019,signup,2025-08-16,125.0,Noah Rhodes
DEAL-000037,CUST-0020,signup,2024-05-16,89.0,Daniel Wagner
DEAL-000038,CUST-0020,churn,2025-09-30,-89.0,Angie Henderson
DEAL-000039,CUST-0021,signup,2025-12-02,125.0,Daniel Wagner
DEAL-000040,CUST-0022,signup,2025-09-12,125.0,Gina Moore
DEAL-000041,CUST-0023,signup,2024-02-17,89.0,Allison Hill
DEAL-000042,CUST-0023,churn,2025-09-13,-89.0,Connie Lawrence
DEAL-000043,CUST-0024,signup,18-12-2024,89.0,Connie Lawrence
DEAL-000044,CUST-0024,expansion,2025-11-26,56.0,Gina Moore
DEAL-000045,CUST-0025,signup,2024-06-23,89.0,Angie Henderson
DEAL-000046,CUST-0025,expansion,2025-10-07,55.0,Noah Rhodes
DEAL-000047,CUST-0026,signup,2025-10-09,125.0,Abigail Shaffer
DEAL-000048,CUST-0026,expansion,2025-12-09,39.0,Gina Moore
DEAL-000049,CUST-0027,signup,2024-08-04,89.0,Noah Rhodes
DEAL-000050,CUST-0027,expansion,2025-06-29,46.0,Angie Henderson
DEAL-000051,CUST-0027,expansion,2025-10-31,46.0,Connie Lawrence
DEAL-000052,CUST-0028,signup,2024-10-14,89.0,Noah Rhodes
DEAL-000053,CUST-0029,signup,2025-07-14,89.0,Connie Lawrence
DEAL-000054,CUST-0029,expansion,2025-11-08,49.0,Angie Henderson
DEAL-000055,CUST-0030,signup,2024-12-26,89.0,Noah Rhodes
DEAL-000056,CUST-0030,expansion,2025-05-28,28.0,Angie Henderson
DEAL-000057,CUST-0030,expansion,2025-10-03,52.0,Cristian Santos
DEAL-000058,CUST-0030,expansion,2025-12-03,60.0,Angie Henderson
DEAL-000059,CUST-0030,downgrade,2025-12-14,-16.0,Angie Henderson
DEAL-000060,CUST-0031,signup,2025-10-07,125.0,Connie Lawrence
DEAL-000061,CUST-0031,expansion,2025-12-11,34.0,Cristian Santos
DEAL-000062,CUST-0032,signup,2024-07-23,89.0,Daniel Wagner
DEAL-000063,CUST-0032,expansion,2024-10-31,36.0,Cristian Santos
DEAL-000064,CUST-0032,churn,2025-10-19,-125.0,Angie Henderson
DEAL-000065,CUST-0033,signup,12/13/2025,125.0,Cristian Santos
DEAL-000066,CUST-0034,signup,2025-11-29,125.0,Noah Rhodes
DEAL-000067,CUST-0035,signup,2024-01-14,89.0,Angie Henderson
DEAL-000068,CUST-0036,signup,2025-10-16,125.0,Connie Lawrence
DEAL-000069,CUST-0036,expansion,2025-12-15,30.0,Allison Hill
DEAL-000070,CUST-0037,signup,2025-02-12,89.0,Cristian Santos
DEAL-000071,CUST-0037,expansion,2025-05-03,22.0,Daniel Wagner
DEAL-000072,CUST-0037,expansion,11/10/2025,21.0,Abigail Shaffer
DEAL-000073,CUST-0038,signup,2025-10-07,125.0,Allison Hill
DEAL-000074,CUST-0038,expansion,2025-12-15,60.0,Gina Moore
DEAL-000075,CUST-0039,signup,2025-11-11,125.0,Cristian Santos
DEAL-000076,CUST-0040,signup,2025-09-26,125.0,Gina Moore
DEAL-000077,CUST-0040,expansion,2025-12-15,39.0,Daniel Wagner
DEAL-000078,CUST-0041,signup,2025-03-17,89.0,Abigail Shaffer
DEAL-000079,CUST-0041,churn,2025-09-03,-89.0,Cristian Santos
DEAL-000080,CUST-0042,signup,2024-01-25,89.0,Allison Hill
DEAL-000081,CUST-0042,expansion,2025-07-02,24.0,Angie Henderson
DEAL-000082,CUST-0042,churn,2025-09-13,-113.0,Gina Moore
DEAL-000083,CUST-0043,signup,2024-07-24,89.0,Abigail Shaffer
DEAL-000084,CUST-0043,churn,2025-09-09,-89.0,Gina Moore
DEAL-000085,CUST-0044,signup,2025-12-14,125.0,Gina Moore
DEAL-000086,CUST-0045,signup,2024-05-14,89.0,Connie Lawrence
DEAL-000087,CUST-0045,expansion,2024-12-07,40.0,Connie Lawrence
DEAL-000088,CUST-0045,expansion,2025-02-06,41.0,Abigail Shaffer
DEAL-000089,CUST-0046,signup,2024-03-19,89.0,Angie Henderson
DEAL-000090,CUST-0046,churn,2025-09-12,-89.0,Connie Lawrence
DEAL-000091,CUST-0047,signup,2025-07-07,89.0,Daniel Wagner
DEAL-000092,CUST-0047,expansion,2025-11-09,55.0,Gina Moore
DEAL-000093,CUST-0047,downgrade,2025-11-10,-25.0,Noah Rhodes
DEAL-000094,CUST-0048,signup,2024-02-10,89.0,Cristian Santos
DEAL-000095,CUST-0049,signup,2025-06-24,89.0,Angie Henderson
DEAL-000096,CUST-0049,expansion,2025-10-19,35.0,Noah Rhodes
DEAL-000097,CUST-0050,signup,2025-01-31,89.0,Abigail Shaffer
DEAL-000098,CUST-0050,expansion,2025-04-26,38.0,Daniel Wagner
DEAL-000099,CUST-0050,expansion,2025-10-14,59.0,Angie Henderson
DEAL-000100,CUST-0051,signup,2025-11-25,125.0,Connie Lawrence
DEAL-000101,CUST-0052,signup,2024-03-20,89.0,Angie Henderson
DEAL-000102,CUST-0052,expansion,2025-04-04,32.0,Gina Moore
DEAL-000103,CUST-0053,signup,2024-05-05,89.0,Gina Moore
DEAL-000104,CUST-0053,expansion,2025-12-13,49.0,Cristian Santos
DEAL-000105,CUST-0054,signup,2025-10-13,125.0,Gina Moore
DEAL-000106,CUST-0055,signup,2025-11-13,125.0,Allison Hill
DEAL-000107,CUST-0056,signup,2024-03-04,89.0,Noah Rhodes
DEAL-000108,CUST-0057,signup,2025-12-13,125.0,Abigail Shaffer
DEAL-000109,CUST-0058,signup,2025-08-27,125.0,Daniel Wagner
DEAL-000110,CUST-0058,expansion,2025-11-11,49.0,Daniel Wagner
DEAL-000111,CUST-0058,churn,29-11-2025,-174.0,Connie Lawrence
DEAL-000112,CUST-0059,signup,2024-06-10,89.0,Allison Hill
DEAL-000113,CUST-0060,signup,2025-08-18,125.0,Allison Hill
DEAL-000114,CUST-0061,signup,2025-10-28,125.0,Cristian Santos
DEAL-000115,CUST-0062,signup,2025-10-29,125.0,Gina Moore
DEAL-000116,CUST-0063,signup,2025-06-05,89.0,Cristian Santos
DEAL-000117,CUST-0063,expansion,09/11/2025,50.0,Allison Hill
DEAL-000118,CUST-0063,churn,2025-09-29,-139.0,Noah Rhodes
DEAL-000119,CUST-0064,signup,2025-11-18,125.0,Abigail Shaffer
DEAL-000120,CUST-0065,signup,2024-10-25,89.0,Connie Lawrence
DEAL-000121,CUST-0065,expansion,2025-03-02,36.0,Abigail Shaffer
DEAL-000122,CUST-0066,signup,2025-03-24,89.0,Connie Lawrence
DEAL-000123,CUST-0067,signup,2024-08-27,89.0,Daniel Wagner
DEAL-000124,CUST-0067,expansion,2024-11-18,45.0,Connie Lawrence
DEAL-000125,CUST-0067,expansion,2024-11-21,56.0,Cristian Santos
DEAL-000126,CUST-0068,signup,2025-12-16,125.0,Noah Rhodes
DEAL-000127,CUST-0069,signup,2025-02-21,89.0,Cristian Santos
DEAL-000128,CUST-0069,expansion,2025-06-10,52.0,Noah Rhodes
DEAL-000129,CUST-0069,expansion,2025-06-18,55.0,Angie Henderson
DEAL-000130,CUST-0069,churn,2025-08-22,-196.0,Noah Rhodes
DEAL-000131,CUST-0070,signup,2025-08-07,89.0,Abigail Shaffer
DEAL-000132,CUST-0070,churn,2025-09-24,-89.0,Connie Lawrence
DEAL-000133,CUST-0071,signup,2025-05-18,89.0,Connie Lawrence
DEAL-000134,CUST-0071,churn,2025-12-28,-89.0,Connie Lawrence
DEAL-000135,CUST-0072,signup,2025-08-31,125.0,Angie Henderson
DEAL-000136,CUST-0073,signup,2025-10-29,125.0,Daniel Wagner
DEAL-000137,CUST-0074,signup,2025-11-04,125.0,Abigail Shaffer
DEAL-000138,CUST-0075,signup,2024-02-10,89.0,Allison Hill
DEAL-000139,CUST-0075,expansion,2025-09-04,22.0,Allison Hill
DEAL-000140,CUST-0076,signup,2024-04-29,89.0,Angie Henderson
DEAL-000141,CUST-0077,signup,2025-11-11,125.0,Connie Lawrence
DEAL-000142,CUST-0078,signup,2024-10-22,89.0,Gina Moore
DEAL-000143,CUST-0078,expansion,2025-08-20,53.0,Angie Henderson
DEAL-000144,CUST-0079,signup,2024-10-09,89.0,Angie Henderson
DEAL-000145,CUST-0079,expansion,2025-10-14,52.0,Connie Lawrence
DEAL-000146,CUST-0080,signup,2025-12-15,125.0,Connie Lawrence
DEAL-000147,CUST-0081,signup,2024-08-04,89.0,Cristian Santos
DEAL-000148,CUST-0081,expansion,2024-12-25,45.0,Connie Lawrence
DEAL-000149,CUST-0082,signup,2024-11-01,89.0,Gina Moore
DEAL-000150,CUST-0083,signup,18-04-2024,89.0,Allison Hill
DEAL-000151,CUST-0083,expansion,2025-04-19,50.0,Connie Lawrence
DEAL-000152,CUST-0084,signup,2025-03-18,89.0,Cristian Santos
DEAL-000153,CUST-0084,expansion,2025-08-09,27.0,Allison Hill
DEAL-000154,CUST-0084,expansion,2025-08-31,57.0,Gina Moore
DEAL-000155,CUST-0085,signup,2025-10-30,125.0,Cristian Santos
DEAL-000156,CUST-0085,churn,2025-12-29,-125.0,Daniel Wagner
DEAL-000157,CUST-0086,signup,2025-09-21,125.0,Gina Moore
DEAL-000158,CUST-0086,expansion,2025-12-01,23.0,Angie Henderson
DEAL-000159,CUST-0086,churn,2025-12-17,-148.0,Abigail Shaffer
DEAL-000160,CUST-0087,signup,2025-08-16 00:00:00,125.0,Allison Hill
DEAL-000161,CUST-0087,expansion,2025-10-24,35.0,Noah Rhodes
DEAL-000162,CUST-0088,signup,2025-08-15,125.0,Daniel Wagner
DEAL-000163,CUST-0089,signup,2024-04-22,89.0,Allison Hill
DEAL-000164,CUST-0089,churn,2025-09-11,-89.0,Gina Moore
DEAL-000165,CUST-0090,signup,2024-08-02,89.0,Angie Henderson
DEAL-000166,CUST-0090,expansion,2025-03-10,46.0,Abigail Shaffer
DEAL-000167,CUST-0091,signup,2024-05-15,89.0,Daniel Wagner
DEAL-000168,CUST-0092,signup,2025-05-16,89.0,Abigail Shaffer
DEAL-000169,CUST-0093,signup,2024-02-02,89.0,Gina Moore
DEAL-000170,CUST-0093,expansion,2025-08-28,59.0,Allison Hill
DEAL-000171,CUST-0094,signup,2024-04-11,89.0,Daniel Wagner
DEAL-000172,CUST-0094,expansion,2025-06-06,28.0,Connie Lawrence
DEAL-000173,CUST-0094,churn,2025-09-06,-117.0,Gina Moore
DEAL-000174,CUST-0095,signup,2024-02-27,89.0,Abigail Shaffer
DEAL-000175,CUST-0095,churn,2025-09-29,-89.0,Connie Lawrence
DEAL-000176,CUST-0096,signup,2025-07-15,89.0,Angie Henderson
DEAL-000177,CUST-0096,churn,2025-08-27,-89.0,Gina Moore
DEAL-000178,CUST-0097,signup,2025-01-15,89.0,Connie Lawrence
DEAL-000179,CUST-0097,expansion,2025-04-19,41.0,Cristian Santos
DEAL-000180,CUST-0097,churn,2025-05-12,-130.0,Gina Moore
DEAL-000181,CUST-0098,signup,12/23/2024,89.0,Daniel Wagner
DEAL-000182,CUST-0098,churn,2025-09-18,-89.0,Daniel Wagner
DEAL-000183,CUST-0099,signup,2025-02-10,89.0,Cristian Santos
DEAL-000184,CUST-0100,signup,2025-09-04,125.0,Daniel Wagner
DEAL-000185,CUST-0100,expansion,2025-12-08,39.0,Cristian Santos
DEAL-000186,CUST-0101,signup,2025-10-05,125.0,Cristian Santos
DEAL-000187,CUST-0101,churn,2025-12-13,-125.0,Daniel Wagner
DEAL-000188,CUST-0102,signup,2025-11-25,125.0,Gina Moore
DEAL-000189,CUST-0103,signup,2025-09-25,125.0,Connie Lawrence
DEAL-000190,CUST-0104,signup,2024-07-21,89.0,Cristian Santos
DEAL-000191,CUST-0104,expansion,2025-05-22,42.0,Cristian Santos
DEAL-000192,CUST-0105,signup,08/09/2025,89.0,Noah Rhodes
DEAL-000193,CUST-0105,churn,2025-09-24,-89.0,Abigail Shaffer
DEAL-000194,CUST-0106,signup,2025-02-09,89.0,Connie Lawrence
DEAL-000195,CUST-0106,expansion,2025-11-25,45.0,Angie Henderson
DEAL-000196,CUST-0107,signup,2025-10-04,125.0,Cristian Santos
DEAL-000197,CUST-0108,signup,2024-07-14,89.0,Allison Hill
DEAL-000198,CUST-0109,signup,2024-01-13,89.0,Connie Lawrence
DEAL-000199,CUST-0109,expansion,01-01-2025,25.0,Gina Moore
DEAL-000200,CUST-0110,signup,2024-08-17,89.0,Cristian Santos
DEAL-000201,CUST-0111,signup,11/04/2024,89.0,Cristian Santos
DEAL-000202,CUST-0111,expansion,2025-02-26,32.0,Cristian Santos
DEAL-000203,CUST-0111,expansion,2025-07-13,50.0,Angie Henderson
DEAL-000204,CUST-0111,churn,2025-09-14,-171.0,Noah Rhodes
DEAL-000205,CUST-0112,signup,2025-03-21,89.0,Daniel Wagner
DEAL-000206,CUST-0113,signup,2025-06-13,89.0,Daniel Wagner
DEAL-000207,CUST-0113,expansion,2025-09-12,23.0,Daniel Wagner
DEAL-000208,CUST-0113,expansion,2025-11-05,53.0,Allison Hill
DEAL-000209,CUST-0114,signup,2025-04-23,89.0,Noah Rhodes
DEAL-000210,CUST-0115,signup,2024-04-20,89.0,Abigail Shaffer
DEAL-000211,CUST-0115,churn,2025-09-04,-89.0,Connie Lawrence
DEAL-000212,CUST-0116,signup,2025-09-12,125.0,Angie Henderson
DEAL-000213,CUST-0116,expansion,2025-12-11,26.0,Allison Hill
DEAL-000214,CUST-0117,signup,2024-10-06,89.0,Angie Henderson
DEAL-000215,CUST-0118,signup,2025-05-21,89.0,Abigail Shaffer
DEAL-000216,CUST-0119,signup,2024-11-23,89.0,Daniel Wagner
DEAL-000217,CUST-0119,expansion,2025-09-22,50.0,Cristian Santos
DEAL-000218,CUST-0120,signup,2025-01-03,89.0,Connie Lawrence
DEAL-000219,CUST-0121,signup,2025-01-19,89.0,Allison Hill
DEAL-000220,CUST-0121,downgrade,2025-07-31,-35.0,Noah Rhodes
DEAL-000221,CUST-0122,signup,2025-11-16,125.0,Daniel Wagner
DEAL-000222,CUST-0123,signup,2024-04-18,89.0,Allison Hill
DEAL-000223,CUST-0124,signup,2024-03-22,89.0,Abigail Shaffer
DEAL-000224,CUST-0124,expansion,2024-11-16,46.0,Gina Moore
DEAL-000225,CUST-0124,expansion,2024-11-17,22.0,Angie Henderson
DEAL-000226,CUST-0125,signup,2024-02-14,89.0,Allison Hill
DEAL-000227,CUST-0125,expansion,2025-02-04,22.0,Cristian Santos
DEAL-000228,CUST-0126,signup,2024-04-17,89.0,Cristian Santos
DEAL-000229,CUST-0126,expansion,2024-10-03,41.0,Gina Moore
DEAL-000230,CUST-0127,signup,05/18/2024,89.0,Gina Moore
DEAL-000231,CUST-0128,signup,2025-05-05,89.0,Gina Moore
DEAL-000232,CUST-0128,expansion,2025-08-07,52.0,Cristian Santos
DEAL-000233,CUST-0129,signup,2025-05-19,89.0,Daniel Wagner
DEAL-000234,CUST-0130,signup,2025-01-06 00:00:00,89.0,Cristian Santos
DEAL-000235,CUST-0130,expansion,2025-05-03,41.0,Angie Henderson
DEAL-000236,CUST-0130,expansion,2025-05-29,49.0,Allison Hill
DEAL-000237,CUST-0131,signup,2024-08-24,89.0,Daniel Wagner
DEAL-000238,CUST-0131,expansion,2025-11-04,41.0,Angie Henderson
DEAL-000239,CUST-0131,expansion,2025-12-01,38.0,Abigail Shaffer
DEAL-000240,CUST-0132,signup,2025-08-13,89.0,Abigail Shaffer
DEAL-000241,CUST-0132,churn,2025-09-06,-89.0,Connie Lawrence
DEAL-000242,CUST-0133,signup,2025-06-10,89.0,Noah Rhodes
DEAL-000243,CUST-0133,churn,2025-08-23,-89.0,Abigail Shaffer
DEAL-000244,CUST-0134,signup,2024-01-24,89.0,Noah Rhodes
DEAL-000245,CUST-0134,churn,2025-09-30,-89.0,Angie Henderson
DEAL-000246,CUST-0135,signup,2025-08-22,125.0,Connie Lawrence
DEAL-000247,CUST-0135,expansion,2025-10-29,50.0,Daniel Wagner
DEAL-000248,CUST-0136,signup,2025-09-01,125.0,Abigail Shaffer
DEAL-000249,CUST-0136,expansion,2025-10-31,36.0,Daniel Wagner
DEAL-000250,CUST-0137,signup,2024-03-24,89.0,Connie Lawrence
DEAL-000251,CUST-0137,expansion,2025-08-23,37.0,Cristian Santos
DEAL-000252,CUST-0138,signup,2025-05-26,89.0,Allison Hill
DEAL-000253,CUST-0138,expansion,07-10-2025,56.0,Cristian Santos
DEAL-000254,CUST-0138,churn,2025-12-13,-145.0,Connie Lawrence
DEAL-000255,CUST-0139,signup,2025-05-31,89.0,Daniel Wagner
DEAL-000256,CUST-0139,churn,2025-09-02,-89.0,Allison Hill
DEAL-000257,CUST-0140,signup,2025-09-29,125.0,Noah Rhodes
DEAL-000258,CUST-0141,signup,2025-06-14,89.0,Cristian Santos
DEAL-000259,CUST-0141,expansion,2025-09-02,45.0,Noah Rhodes
DEAL-000260,CUST-0141,expansion,2025-10-11,39.0,Cristian Santos
DEAL-000261,CUST-0142,signup,2025-01-05,89.0,Daniel Wagner
DEAL-000262,CUST-0142,expansion,2025-09-10,59.0,Daniel Wagner
DEAL-000263,CUST-0143,signup,2024-06-21,89.0,Angie Henderson
DEAL-000264,CUST-0144,signup,2024-04-08,89.0,Connie Lawrence
DEAL-000265,CUST-0144,downgrade,2025-03-26 00:00:00,-38.0,Abigail Shaffer
DEAL-000266,CUST-0144,expansion,2025-10-09,29.0,Gina Moore
DEAL-000267,CUST-0145,signup,2025-12-10,125.0,Daniel Wagner
DEAL-000268,CUST-0146,signup,2025-07-28,89.0,Noah Rhodes
DEAL-000269,CUST-0146,expansion,2025-10-27,58.0,Gina Moore
DEAL-000270,CUST-0147,signup,2024-06-25,89.0,Noah Rhodes
DEAL-000271,CUST-0147,expansion,2025-05-21,43.0,Noah Rhodes
DEAL-000272,CUST-0147,churn,25-09-2025,-132.0,Allison Hill
DEAL-000273,CUST-0148,signup,2024-05-17,89.0,Connie Lawrence
DEAL-000274,CUST-0148,expansion,16-12-2024,30.0,Gina Moore
DEAL-000275,CUST-0148,expansion,2025-12-15,32.0,Noah Rhodes
DEAL-000276,CUST-0149,signup,2024-03-12,89.0,Gina Moore
DEAL-000277,CUST-0149,expansion,2024-12-07,57.0,Noah Rhodes
DEAL-000278,CUST-0150,signup,2025-01-18,89.0,Gina Moore
DEAL-000279,CUST-0151,signup,2025-06-03,89.0,Allison Hill
DEAL-000280,CUST-0152,signup,2024-11-07,89.0,Gina Moore
DEAL-000281,CUST-0153,signup,2025-06-26,89.0,Abigail Shaffer
DEAL-000282,CUST-0153,expansion,2025-09-10,52.0,Gina Moore
DEAL-000283,CUST-0154,signup,2025-02-15,89.0,Allison Hill
DEAL-000284,CUST-0154,churn,2025-05-18,-89.0,Gina Moore
DEAL-000285,CUST-0155,signup,2025-01-21,89.0,Cristian Santos
DEAL-000286,CUST-0156,signup,2025-06-05,89.0,Allison Hill
DEAL-000287,CUST-0157,signup,2025-10-26,125.0,Abigail Shaffer
DEAL-000288,CUST-0158,signup,2024-02-22,89.0,Daniel Wagner
DEAL-000289,CUST-0158,expansion,2024-08-30,20.0,Noah Rhodes
DEAL-000290,CUST-0158,churn,09/27/2025,-109.0,Allison Hill
DEAL-000291,CUST-0159,signup,2025-02-20,89.0,Noah Rhodes
DEAL-000292,CUST-0159,expansion,2025-06-14,42.0,Allison Hill
DEAL-000293,CUST-0159,churn,2025-08-25,-131.0,Noah Rhodes
DEAL-000294,CUST-0160,signup,2024-04-22,89.0,Cristian Santos
DEAL-000295,CUST-0160,expansion,2025-10-17,22.0,Abigail Shaffer
DEAL-000296,CUST-0161,signup,2025-12-26 00:00:00,125.0,Angie Henderson
DEAL-000297,CUST-0162,signup,2025-11-25,125.0,Angie Henderson
DEAL-000298,CUST-0163,signup,2025-10-01,125.0,Abigail Shaffer
DEAL-000299,CUST-0163,expansion,2025-12-13,43.0,Gina Moore
DEAL-000300,CUST-0164,signup,2024-11-17,89.0,Noah Rhodes
DEAL-000301,CUST-0164,expansion,2025-04-22,44.0,Angie Henderson
DEAL-000302,CUST-0164,churn,2025-07-30,-133.0,Connie Lawrence
DEAL-000303,CUST-0165,signup,2025-10-22,125.0,Noah Rhodes
DEAL-000304,CUST-0166,signup,2024-05-15,89.0,Abigail Shaffer
DEAL-000305,CUST-0166,expansion,2025-01-12,54.0,Angie Henderson
DEAL-000306,CUST-0167,signup,2024-05-05,89.0,Daniel Wagner
DEAL-000307,CUST-0168,signup,02-07-2025,89.0,Allison Hill
DEAL-000308,CUST-0169,signup,2024-07-04,89.0,Gina Moore
DEAL-000309,CUST-0169,expansion,09/13/2024,39.0,Abigail Shaffer
DEAL-000310,CUST-0169,churn,2025-08-30,-128.0,Abigail Shaffer
DEAL-000311,CUST-0170,signup,2024-11-12,89.0,Daniel Wagner
DEAL-000312,CUST-0171,signup,2025-11-05 00:00:00,125.0,Daniel Wagner
DEAL-000313,CUST-0172,signup,2025-03-09,89.0,Gina Moore
DEAL-000314,CUST-0173,signup,2024-08-23 00:00:00,89.0,Connie Lawrence
DEAL-000315,CUST-0173,churn,2025-08-29,-89.0,Angie Henderson
DEAL-000316,CUST-0174,signup,17-01-2024,89.0,Cristian Santos
DEAL-000317,CUST-0175,signup,2024-02-06,89.0,Allison Hill
DEAL-000318,CUST-0175,expansion,2024-10-16,27.0,Abigail Shaffer
DEAL-000319,CUST-0176,signup,2024-05-22,89.0,Allison Hill
DEAL-000320,CUST-0177,signup,2024-04-29,89.0,Noah Rhodes
DEAL-000321,CUST-0177,expansion,2025-03-01,33.0,Noah Rhodes
DEAL-000322,CUST-0178,signup,2025-11-29,125.0,Allison Hill
DEAL-000323,CUST-0179,signup,2025-05-19,89.0,Gina Moore
DEAL-000324,CUST-0180,signup,2025-04-27,89.0,Abigail Shaffer
DEAL-000325,CUST-0180,expansion,2025-08-27,22.0,Gina Moore
DEAL-000326,CUST-0180,expansion,2025-11-26,23.0,Daniel Wagner
DEAL-000327,CUST-0181,signup,2024-09-17,89.0,Daniel Wagner
DEAL-000328,CUST-0182,signup,2025-05-10,89.0,Allison Hill
DEAL-000329,CUST-0183,signup,2024-03-22,89.0,Cristian Santos
DEAL-000330,CUST-0183,expansion,2024-10-11,52.0,Daniel Wagner
DEAL-000331,CUST-0184,signup,2025-03-28,89.0,Connie Lawrence
DEAL-000332,CUST-0185,signup,2024-02-22,89.0,Connie Lawrence
DEAL-000333,CUST-0186,signup,2025-10-27,125.0,Daniel Wagner
DEAL-000334,CUST-0187,signup,05/28/2024,89.0,Daniel Wagner
DEAL-000335,CUST-0187,expansion,2024-12-28,29.0,Abigail Shaffer
DEAL-000336,CUST-0187,churn,2025-09-29,-118.0,Cristian Santos
DEAL-000337,CUST-0188,signup,2025-01-22,89.0,Cristian Santos
DEAL-000338,CUST-0189,signup,2025-05-22,89.0,Allison Hill
DEAL-000339,CUST-0190,signup,05-08-2025,89.0,Angie Henderson
DEAL-000340,CUST-0191,signup,2025-06-11,89.0,Abigail Shaffer
DEAL-000341,CUST-0192,signup,2025-02-02,89.0,Connie Lawrence
DEAL-000342,CUST-0192,expansion,2025-12-12,23.0,Abigail Shaffer
DEAL-000343,CUST-0193,signup,2025-01-30,89.0,Connie Lawrence
DEAL-000344,CUST-0194,signup,2025-12-30,125.0,Abigail Shaffer
DEAL-000345,CUST-0195,signup,2024-09-30,89.0,Abigail Shaffer
DEAL-000346,CUST-0196,signup,2025-08-27,125.0,Gina Moore
DEAL-000347,CUST-0196,expansion,2025-11-04,39.0,Daniel Wagner
DEAL-000348,CUST-0196,expansion,2025-11-19,31.0,Daniel Wagner
DEAL-000349,CUST-0197,signup,2025-07-16,89.0,Cristian Santos
DEAL-000350,CUST-0197,churn,2025-09-05,-89.0,Angie Henderson
DEAL-000351,CUST-0198,signup,2025-11-11 00:00:00,125.0,Gina Moore
DEAL-000352,CUST-0199,signup,2025-01-01,89.0,Abigail Shaffer
DEAL-000353,CUST-0199,expansion,2025-03-31,55.0,Abigail Shaffer
DEAL-000354,CUST-0200,signup,2024-12-16,89.0,Angie Henderson
DEAL-000355,CUST-0200,churn,2025-08-22,-89.0,Abigail Shaffer
DEAL-000356,CUST-0201,signup,2025-03-06,89.0,Daniel Wagner
DEAL-000357,CUST-0201,expansion,2025-06-05,36.0,Connie Lawrence
DEAL-000358,CUST-0201,churn,08/25/2025,-125.0,Noah Rhodes
DEAL-000359,CUST-0202,signup,2024-01-23,89.0,Daniel Wagner
DEAL-000360,CUST-0202,expansion,2024-06-25,54.0,Allison Hill
DEAL-000361,CUST-0202,expansion,2025-06-26,43.0,Cristian Santos
DEAL-000362,CUST-0203,signup,2024-04-26,89.0,Allison Hill
DEAL-000363,CUST-0203,expansion,2025-07-16,58.0,Noah Rhodes
DEAL-000364,CUST-0204,signup,29-10-2024,89.0,Daniel Wagner
DEAL-000365,CUST-0204,churn,2025-09-12,-89.0,Daniel Wagner
DEAL-000366,CUST-0205,signup,2025-08-28,125.0,Connie Lawrence
DEAL-000367,CUST-0205,expansion,2025-11-26,33.0,Cristian Santos
DEAL-000368,CUST-0206,signup,2024-11-23,89.0,Daniel Wagner
DEAL-000369,CUST-0206,expansion,2025-01-29,33.0,Noah Rhodes
DEAL-000370,CUST-0207,signup,2025-10-16,125.0,Daniel Wagner
DEAL-000371,CUST-0207,expansion,2025-12-16,35.0,Abigail Shaffer
DEAL-000372,CUST-0208,signup,2025-01-29,89.0,Connie Lawrence
DEAL-000373,CUST-0208,expansion,2025-07-30,55.0,Cristian Santos
DEAL-000374,CUST-0209,signup,10/01/2024,89.0,Abigail Shaffer
DEAL-000375,CUST-0210,signup,2025-08-28,125.0,Cristian Santos
DEAL-000376,CUST-0210,expansion,2025-11-25,54.0,Cristian Santos
DEAL-000377,CUST-0210,expansion,2025-12-07,42.0,Connie Lawrence
DEAL-000378,CUST-0211,signup,2025-06-21,89.0,Gina Moore
DEAL-000379,CUST-0211,expansion,2025-10-24,51.0,Noah Rhodes
DEAL-000380,CUST-0212,signup,2025-04-19,89.0,Daniel Wagner
DEAL-000381,CUST-0212,expansion,2025-10-16,40.0,Connie Lawrence
DEAL-000382,CUST-0213,signup,2025-07-04,89.0,Daniel Wagner
DEAL-000383,CUST-0213,expansion,2025-09-07,56.0,Angie Henderson
DEAL-000384,CUST-0213,expansion,2025-10-12,46.0,Allison Hill
DEAL-000385,CUST-0214,signup,2025-07-12,89.0,Cristian Santos
DEAL-000386,CUST-0214,churn,2025-09-23,-89.0,Abigail Shaffer
DEAL-000387,CUST-0215,signup,2025-12-13,125.0,Cristian Santos
DEAL-000388,CUST-0216,signup,2024-07-08,89.0,Connie Lawrence
DEAL-000389,CUST-0216,expansion,2024-11-23,32.0,Daniel Wagner
DEAL-000390,CUST-0216,churn,07-09-2025,-121.0,Abigail Shaffer
DEAL-000391,CUST-0217,signup,2024-03-11,89.0,Daniel Wagner
DEAL-000392,CUST-0218,signup,12/16/2025,125.0,Gina Moore
DEAL-000393,CUST-0219,signup,2025-06-18,89.0,Cristian Santos
DEAL-000394,CUST-0219,expansion,2025-10-26,41.0,Gina Moore
DEAL-000395,CUST-0220,signup,2024-11-27,89.0,Gina Moore
DEAL-000396,CUST-0220,churn,2025-09-12,-89.0,Gina Moore
DEAL-000397,CUST-0221,signup,2024-06-10,89.0,Angie Henderson
DEAL-000398,CUST-0222,signup,2024-03-24,89.0,Angie Henderson
DEAL-000399,CUST-0222,expansion,2025-05-18,30.0,Gina Moore
DEAL-000400,CUST-0223,signup,2025-04-13,89.0,Angie Henderson
DEAL-000401,CUST-0224,signup,2025-10-07,125.0,Allison Hill
DEAL-000402,CUST-0225,signup,2025-02-24,89.0,Noah Rhodes
DEAL-000403,CUST-0225,expansion,2025-05-28,22.0,Allison Hill
DEAL-000404,CUST-0225,churn,28-06-2025,-111.0,Allison Hill
DEAL-000405,CUST-0226,signup,2025-04-26,89.0,Daniel Wagner
DEAL-000406,CUST-0226,expansion,2025-10-08,28.0,Noah Rhodes
DEAL-000407,CUST-0227,signup,2025-03-03,89.0,Angie Henderson
DEAL-000408,CUST-0228,signup,2025-01-17,89.0,Allison Hill
DEAL-000409,CUST-0229,signup,2024-11-21,89.0,Daniel Wagner
DEAL-000410,CUST-0230,signup,2025-11-24,125.0,Gina Moore
DEAL-000411,CUST-0231,signup,2024-08-22,89.0,Connie Lawrence
DEAL-000412,CUST-0232,signup,2025-12-07,125.0,Allison Hill
DEAL-000413,CUST-0233,signup,02/11/2025,89.0,Gina Moore
DEAL-000414,CUST-0233,expansion,2025-09-17,60.0,Gina Moore
DEAL-000415,CUST-0234,signup,2024-08-20,89.0,Allison Hill
DEAL-000416,CUST-0235,signup,2025-02-27,89.0,Allison Hill
DEAL-000417,CUST-0235,churn,2025-09-06,-89.0,Abigail Shaffer
DEAL-000418,CUST-0236,signup,2025-05-16,89.0,Cristian Santos
DEAL-000419,CUST-0236,expansion,2025-07-18,21.0,Cristian Santos
DEAL-000420,CUST-0236,downgrade,19-11-2025,-38.0,Allison Hill
DEAL-000421,CUST-0237,signup,2024-07-13 00:00:00,89.0,Abigail Shaffer
DEAL-000422,CUST-0238,signup,2024-02-03,89.0,Noah Rhodes
DEAL-000423,CUST-0238,expansion,2024-10-03,26.0,Angie Henderson
DEAL-000424,CUST-0239,signup,2025-12-23,125.0,Daniel Wagner
DEAL-000425,CUST-0240,signup,2024-03-14,89.0,Cristian Santos
DEAL-000426,CUST-0240,expansion,2024-11-25,59.0,Connie Lawrence
DEAL-000427,CUST-0241,signup,2024-05-22,89.0,Noah Rhodes
DEAL-000428,CUST-0241,expansion,2025-04-20,45.0,Connie Lawrence
DEAL-000429,CUST-0242,signup,2025-03-09,89.0,Daniel Wagner
DEAL-000430,CUST-0242,expansion,2025-08-19,49.0,Daniel Wagner
DEAL-000431,CUST-0243,signup,2024-05-30,89.0,Allison Hill
DEAL-000432,CUST-0243,expansion,2024-12-29,25.0,Noah Rhodes
DEAL-000433,CUST-0243,churn,2025-09-25,-114.0,Abigail Shaffer
DEAL-000434,CUST-0244,signup,2024-01-29,89.0,Gina Moore
DEAL-000435,CUST-0244,expansion,04/21/2025,44.0,Allison Hill
DEAL-000436,CUST-0245,signup,2024-07-05,89.0,Noah Rhodes
DEAL-000437,CUST-0245,expansion,2025-07-26,20.0,Gina Moore
DEAL-000438,CUST-0245,expansion,2025-08-28,30.0,Abigail Shaffer
DEAL-000439,CUST-0246,signup,2024-06-30,89.0,Allison Hill
DEAL-000440,CUST-0246,expansion,10/16/2024,53.0,Daniel Wagner
DEAL-000441,CUST-0246,expansion,2025-02-14,56.0,Daniel Wagner
DEAL-000442,CUST-0246,churn,2025-05-26,-198.0,Gina Moore
DEAL-000443,CUST-0247,signup,2024-09-09,89.0,Noah Rhodes
DEAL-000444,CUST-0247,downgrade,2025-05-25,-16.0,Cristian Santos
DEAL-000445,CUST-0248,signup,2025-11-23,125.0,Allison Hill
DEAL-000446,CUST-0249,signup,2025-08-31,125.0,Allison Hill
DEAL-000447,CUST-0249,expansion,2025-11-10,40.0,Daniel Wagner
DEAL-000448,CUST-0250,signup,2025-01-01,89.0,Abigail Shaffer
DEAL-000449,CUST-0250,expansion,2025-07-30,29.0,Noah Rhodes
DEAL-000450,CUST-0250,churn,2025-09-03,-118.0,Cristian Santos
DEAL-000451,CUST-0251,signup,2024-04-27,89.0,Daniel Wagner
DEAL-000452,CUST-0251,expansion,2024-09-17,56.0,Abigail Shaffer
DEAL-000453,CUST-0251,churn,2025-09-30,-145.0,Connie Lawrence
DEAL-000454,CUST-0252,signup,2025-10-12,125.0,Noah Rhodes
DEAL-000455,CUST-0252,expansion,2025-12-14,28.0,Connie Lawrence
DEAL-000456,CUST-0253,signup,2025-03-29,89.0,Allison Hill
DEAL-000457,CUST-0254,signup,2025-04-22,89.0,Noah Rhodes
DEAL-000458,CUST-0255,signup,2025-05-17,89.0,Abigail Shaffer
DEAL-000459,CUST-0256,signup,2025-05-13,89.0,Connie Lawrence
DEAL-000460,CUST-0256,expansion,2025-07-26,24.0,Abigail Shaffer
DEAL-000461,CUST-0256,churn,2025-09-02,-113.0,Connie Lawrence
DEAL-000462,CUST-0257,signup,2024-10-14,89.0,Allison Hill
DEAL-000463,CUST-0258,signup,2024-12-14,89.0,Cristian Santos
DEAL-000464,CUST-0259,signup,2025-07-13,89.0,Gina Moore
DEAL-000465,CUST-0259,churn,2025-09-18,-89.0,Gina Moore
DEAL-000466,CUST-0260,signup,2024-11-01,89.0,Abigail Shaffer
DEAL-000467,CUST-0260,downgrade,2025-06-25,-26.0,Abigail Shaffer
DEAL-000468,CUST-0261,signup,2025-05-06,89.0,Abigail Shaffer
DEAL-000469,CUST-0261,expansion,2025-07-28,57.0,Noah Rhodes
DEAL-000470,CUST-0261,churn,2025-09-28,-146.0,Cristian Santos
DEAL-000471,CUST-0262,signup,2025-04-06,89.0,Noah Rhodes
DEAL-000472,CUST-0262,expansion,2025-07-06,24.0,Cristian Santos
DEAL-000473,CUST-0262,churn,2025-09-01,-113.0,Angie Henderson
DEAL-000474,CUST-0263,signup,2024-12-25,89.0,Abigail Shaffer
DEAL-000475,CUST-0264,signup,2025-09-06,125.0,Abigail Shaffer
DEAL-000476,CUST-0264,expansion,2025-12-15,29.0,Connie Lawrence
DEAL-000477,CUST-0265,signup,2024-07-13 00:00:00,89.0,Noah Rhodes
DEAL-000478,CUST-0265,expansion,2025-03-14,26.0,Allison Hill
DEAL-000479,CUST-0266,signup,2025-06-24,89.0,Cristian Santos
DEAL-000480,CUST-0267,signup,2024-05-22,89.0,Gina Moore
DEAL-000481,CUST-0267,churn,2025-11-12,-89.0,Connie Lawrence
DEAL-000482,CUST-0268,signup,2025-07-16,89.0,Cristian Santos
DEAL-000483,CUST-0268,churn,2025-09-06,-89.0,Noah Rhodes
DEAL-000484,CUST-0269,signup,2025-05-22 00:00:00,89.0,Angie Henderson
DEAL-000485,CUST-0269,expansion,2025-07-29,25.0,Abigail Shaffer
DEAL-000486,CUST-0269,churn,2025-09-14,-114.0,Gina Moore
DEAL-000487,CUST-0270,signup,2025-12-29,125.0,Abigail Shaffer
DEAL-000488,CUST-0271,signup,2024-09-15,89.0,Noah Rhodes
DEAL-000489,CUST-0271,expansion,2025-01-05,21.0,Connie Lawrence
DEAL-000490,CUST-0272,signup,2024-05-20,89.0,Connie Lawrence
DEAL-000491,CUST-0272,expansion,2024-10-22,58.0,Abigail Shaffer
DEAL-000492,CUST-0273,signup,2024-04-24,89.0,Abigail Shaffer
DEAL-000493,CUST-0273,expansion,2024-07-05,38.0,Abigail Shaffer
DEAL-000494,CUST-0274,signup,11/17/2024,89.0,Daniel Wagner
DEAL-000495,CUST-0274,expansion,2025-02-28,55.0,Angie Henderson
DEAL-000496,CUST-0275,signup,2024-10-12,89.0,Cristian Santos
DEAL-000497,CUST-0275,expansion,2025-03-07,28.0,Cristian Santos
DEAL-000498,CUST-0275,expansion,2025-11-26,44.0,Cristian Santos
DEAL-000499,CUST-0276,signup,2025-10-18,125.0,Gina Moore
DEAL-000500,CUST-0277,signup,15-07-2025,89.0,Angie Henderson
DEAL-000501,CUST-0278,signup,2025-10-04,125.0,Noah Rhodes
DEAL-000502,CUST-0279,signup,2024-12-25,89.0,Angie Henderson
DEAL-000503,CUST-0280,signup,2024-07-04,89.0,Abigail Shaffer
DEAL-000504,CUST-0280,expansion,2025-04-12,37.0,Cristian Santos
DEAL-000505,CUST-0281,signup,2025-03-20,89.0,Gina Moore
DEAL-000506,CUST-0282,signup,2024-08-07,89.0,Connie Lawrence
DEAL-000507,CUST-0282,expansion,2025-11-10,24.0,Cristian Santos
DEAL-000508,CUST-0283,signup,2025-03-03,89.0,Daniel Wagner
DEAL-000509,CUST-0283,churn,2025-09-29,-89.0,Gina Moore
DEAL-000510,CUST-0284,signup,2025-05-02,89.0,Daniel Wagner
DEAL-000511,CUST-0284,expansion,2025-08-08,59.0,Gina Moore
DEAL-000512,CUST-0284,churn,2025-08-30,-148.0,Noah Rhodes
DEAL-000513,CUST-0285,signup,2024-09-12,89.0,Angie Henderson
DEAL-000514,CUST-0286,signup,2024-01-17,89.0,Cristian Santos
DEAL-000515,CUST-0287,signup,2025-09-20,125.0,Allison Hill
DEAL-000516,CUST-0288,signup,2024-12-15 00:00:00,89.0,Abigail Shaffer
DEAL-000517,CUST-0288,expansion,2025-09-03,41.0,Connie Lawrence
DEAL-000518,CUST-0289,signup,2025-09-16,125.0,Abigail Shaffer
DEAL-000519,CUST-0289,expansion,2025-12-13,41.0,Angie Henderson
DEAL-000520,CUST-0290,signup,2024-02-21,89.0,Daniel Wagner
DEAL-000521,CUST-0290,expansion,2025-02-22,40.0,Gina Moore
DEAL-000522,CUST-0291,signup,2024-07-02,89.0,Abigail Shaffer
DEAL-000523,CUST-0291,expansion,2025-02-07,31.0,Connie Lawrence
DEAL-000524,CUST-0292,signup,2025-08-03,89.0,Cristian Santos
DEAL-000525,CUST-0293,signup,2025-02-02,89.0,Gina Moore
DEAL-000526,CUST-0294,signup,2024-03-28 00:00:00,89.0,Abigail Shaffer
DEAL-000527,CUST-0294,expansion,2025-01-30,40.0,Connie Lawrence
DEAL-000528,CUST-0294,expansion,2025-06-16,37.0,Noah Rhodes
DEAL-000529,CUST-0295,signup,2025-10-04,125.0,Angie Henderson
DEAL-000530,CUST-0295,expansion,12-12-2025,32.0,Allison Hill
DEAL-000531,CUST-0296,signup,2024-02-17,89.0,Gina Moore
DEAL-000532,CUST-0296,expansion,2025-08-02,33.0,Cristian Santos
DEAL-000533,CUST-0297,signup,2024-12-04,89.0,Noah Rhodes
DEAL-000534,CUST-0298,signup,2025-07-04,89.0,Angie Henderson
DEAL-000535,CUST-0298,expansion,2025-11-27,51.0,Cristian Santos
DEAL-000536,CUST-0298,expansion,15-12-2025,46.0,Daniel Wagner
DEAL-000537,CUST-0299,signup,2025-07-01,89.0,Abigail Shaffer
DEAL-000538,CUST-0299,expansion,2025-10-01,29.0,Abigail Shaffer
DEAL-000539,CUST-0300,signup,2024-12-12,89.0,Noah Rhodes
DEAL-000540,CUST-0301,signup,07/12/2024,89.0,Abigail Shaffer
DEAL-000541,CUST-0301,expansion,2025-04-27,58.0,Abigail Shaffer
DEAL-000542,CUST-0301,downgrade,2025-07-12,-33.0,Allison Hill
DEAL-000543,CUST-0302,signup,2024-06-15,89.0,Noah Rhodes
DEAL-000544,CUST-0302,expansion,2025-02-14,54.0,Noah Rhodes
DEAL-000545,CUST-0302,churn,2025-09-18,-143.0,Daniel Wagner
DEAL-000546,CUST-0303,signup,2025-05-09,89.0,Connie Lawrence
DEAL-000547,CUST-0304,signup,2025-09-06,125.0,Allison Hill
DEAL-000548,CUST-0304,expansion,2025-11-15,59.0,Abigail Shaffer
DEAL-000549,CUST-0305,signup,2024-09-27,89.0,Noah Rhodes
DEAL-000550,CUST-0305,expansion,2025-05-14,47.0,Allison Hill
DEAL-000551,CUST-0305,churn,2025-09-03,-136.0,Noah Rhodes
DEAL-000552,CUST-0306,signup,2025-11-24,125.0,Cristian Santos
DEAL-000553,CUST-0307,signup,2024-11-25,89.0,Daniel Wagner
DEAL-000554,CUST-0307,expansion,05/17/2025,52.0,Gina Moore
DEAL-000555,CUST-0308,signup,2024-02-16,89.0,Connie Lawrence
DEAL-000556,CUST-0309,signup,2025-08-14,89.0,Abigail Shaffer
DEAL-000557,CUST-0310,signup,2025-12-26,125.0,Gina Moore
DEAL-000558,CUST-0311,signup,2025-10-11,125.0,Angie Henderson
DEAL-000559,CUST-0311,expansion,2025-12-16,57.0,Connie Lawrence
DEAL-000560,CUST-0312,signup,2025-09-16,125.0,Allison Hill
DEAL-000561,CUST-0313,signup,2024-07-13,89.0,Gina Moore
DEAL-000562,CUST-0313,churn,2025-08-24,-89.0,Noah Rhodes
DEAL-000563,CUST-0314,signup,2025-05-10,89.0,Cristian Santos
DEAL-000564,CUST-0315,signup,2024-02-19,89.0,Abigail Shaffer
DEAL-000565,CUST-0315,churn,2024-08-14,-89.0,Noah Rhodes
DEAL-000566,CUST-0316,signup,2024-04-21,89.0,Connie Lawrence
DEAL-000567,CUST-0316,expansion,2024-10-16,29.0,Cristian Santos
DEAL-000568,CUST-0317,signup,2024-10-17,89.0,Daniel Wagner
DEAL-000569,CUST-0317,expansion,2025-06-09,49.0,Gina Moore
DEAL-000570,CUST-0318,signup,2025-03-05,89.0,Gina Moore
DEAL-000571,CUST-0318,expansion,2025-05-28,48.0,Connie Lawrence
DEAL-000572,CUST-0318,expansion,2025-08-01,50.0,Noah Rhodes
DEAL-000573,CUST-0319,signup,2025-07-26,89.0,Noah Rhodes
DEAL-000574,CUST-0319,expansion,2025-11-01,22.0,Allison Hill
DEAL-000575,CUST-0320,signup,2025-10-06,125.0,Connie Lawrence
DEAL-000576,CUST-0321,signup,2025-11-04,125.0,Noah Rhodes
DEAL-000577,CUST-0322,signup,2024-01-16,89.0,Angie Henderson
DEAL-000578,CUST-0322,expansion,08/31/2024,35.0,Connie Lawrence
DEAL-000579,CUST-0322,expansion,2025-08-26,31.0,Abigail Shaffer
DEAL-000580,CUST-0323,signup,2025-02-28,89.0,Abigail Shaffer
DEAL-000581,CUST-0323,expansion,08/25/2025,34.0,Angie Henderson
DEAL-000582,CUST-0323,churn,2025-09-20,-123.0,Angie Henderson
DEAL-000583,CUST-0324,signup,2024-05-06,89.0,Abigail Shaffer
DEAL-000584,CUST-0325,signup,2024-02-26,89.0,Abigail Shaffer
DEAL-000585,CUST-0325,downgrade,2025-01-13,-29.0,Abigail Shaffer
DEAL-000586,CUST-0325,expansion,2025-06-05,21.0,Allison Hill
DEAL-000587,CUST-0326,signup,2024-11-21,89.0,Noah Rhodes
DEAL-000588,CUST-0326,expansion,2025-03-13,37.0,Noah Rhodes
DEAL-000589,CUST-0326,expansion,2025-07-19,33.0,Angie Henderson
DEAL-000590,CUST-0326,churn,2025-09-09,-159.0,Connie Lawrence
DEAL-000591,CUST-0327,signup,2025-06-16,89.0,Connie Lawrence
DEAL-000592,CUST-0327,churn,02-09-2025,-89.0,Daniel Wagner
DEAL-000593,CUST-0328,signup,2024-11-05,89.0,Gina Moore
DEAL-000594,CUST-0329,signup,2024-11-28,89.0,Gina Moore
DEAL-000595,CUST-0329,expansion,2025-03-26,36.0,Connie Lawrence
DEAL-000596,CUST-0330,signup,2024-10-26,89.0,Abigail Shaffer
DEAL-000597,CUST-0330,churn,2025-09-09,-89.0,Abigail Shaffer
DEAL-000598,CUST-0331,signup,2025-07-06,89.0,Connie Lawrence
DEAL-000599,CUST-0331,expansion,2025-11-18,27.0,Connie Lawrence
DEAL-000600,CUST-0332,signup,2025-08-23,125.0,Gina Moore
DEAL-000601,CUST-0333,signup,2025-05-31,89.0,Noah Rhodes
DEAL-000602,CUST-0333,expansion,2025-09-12,39.0,Angie Henderson
DEAL-000603,CUST-0334,signup,2025-03-10,89.0,Connie Lawrence
DEAL-000604,CUST-0334,churn,24-08-2025,-89.0,Noah Rhodes
DEAL-000605,CUST-0335,signup,2024-08-04 00:00:00,89.0,Daniel Wagner
DEAL-000606,CUST-0335,churn,2025-04-18,-89.0,Cristian Santos
DEAL-000607,CUST-0336,signup,2025-10-13,125.0,Connie Lawrence
DEAL-000608,CUST-0336,expansion,2025-12-12,31.0,Angie Henderson
DEAL-000609,CUST-0337,signup,2025-10-26,449.0,Abigail Shaffer
DEAL-000610,CUST-0337,churn,2025-12-25,-449.0,Abigail Shaffer
DEAL-000611,CUST-0338,signup,2024-08-11,449.0,Abigail Shaffer
DEAL-000612,CUST-0338,expansion,2025-08-11,170.0,Abigail Shaffer
DEAL-000613,CUST-0339,signup,2025-11-28,449.0,Angie Henderson
DEAL-000614,CUST-0340,signup,2025-03-03,449.0,Angie Henderson
DEAL-000615,CUST-0340,expansion,09/03/2025,425.0,Angie Henderson
DEAL-000616,CUST-0341,signup,2025-11-13,449.0,Gina Moore
DEAL-000617,CUST-0342,signup,2024-06-01,449.0,Angie Henderson
DEAL-000618,CUST-0342,expansion,2024-12-25,171.0,Connie Lawrence
DEAL-000619,CUST-0343,signup,2024-04-18,449.0,Allison Hill
DEAL-000620,CUST-0343,expansion,2025-09-21,417.0,Connie Lawrence
DEAL-000621,CUST-0344,signup,02/21/2025,449.0,Angie Henderson
DEAL-000622,CUST-0344,expansion,2025-04-24,348.0,Daniel Wagner
DEAL-000623,CUST-0345,signup,2025-01-05,449.0,Gina Moore
DEAL-000624,CUST-0345,expansion,2025-09-18,387.0,Abigail Shaffer
DEAL-000625,CUST-0345,expansion,2025-11-19,434.0,Gina Moore
DEAL-000626,CUST-0346,signup,2025-02-12,449.0,Abigail Shaffer
DEAL-000627,CUST-0347,signup,2024-06-21,449.0,Noah Rhodes
DEAL-000628,CUST-0347,expansion,2025-04-27,185.0,Allison Hill
DEAL-000629,CUST-0347,expansion,2025-08-18,327.0,Daniel Wagner
DEAL-000630,CUST-0348,signup,2024-10-02 00:00:00,449.0,Cristian Santos
DEAL-000631,CUST-0349,signup,2025-01-11,449.0,Cristian Santos
DEAL-000632,CUST-0349,expansion,2025-03-28,240.0,Angie Henderson
DEAL-000633,CUST-0349,downgrade,2025-07-07,-217.0,Gina Moore
DEAL-000634,CUST-0350,signup,2025-07-16,449.0,Noah Rhodes
DEAL-000635,CUST-0350,expansion,2025-11-16,381.0,Noah Rhodes
DEAL-000636,CUST-0350,expansion,2025-11-25,480.0,Cristian Santos
DEAL-000637,CUST-0351,signup,2024-06-16,449.0,Allison Hill
DEAL-000638,CUST-0351,expansion,2025-05-19,487.0,Gina Moore
DEAL-000639,CUST-0351,expansion,2025-09-15,378.0,Daniel Wagner
DEAL-000640,CUST-0351,expansion,2025-10-10,287.0,Abigail Shaffer
DEAL-000641,CUST-0352,signup,2024-07-13,449.0,Daniel Wagner
DEAL-000642,CUST-0352,expansion,2024-11-02,476.0,Cristian Santos
DEAL-000643,CUST-0353,signup,2025-05-01,449.0,Cristian Santos
DEAL-000644,CUST-0353,expansion,2025-07-08,330.0,Connie Lawrence
DEAL-000645,CUST-0354,signup,19-07-2025,449.0,Noah Rhodes
DEAL-000646,CUST-0355,signup,2024-04-22,449.0,Daniel Wagner
DEAL-000647,CUST-0355,expansion,2025-09-13,160.0,Daniel Wagner
DEAL-000648,CUST-0356,signup,2025-07-11,449.0,Connie Lawrence
DEAL-000649,CUST-0356,expansion,2025-12-12,401.0,Abigail Shaffer
DEAL-000650,CUST-0357,signup,2024-06-16,449.0,Angie Henderson
DEAL-000651,CUST-0357,expansion,2024-09-05,415.0,Daniel Wagner
DEAL-000652,CUST-0357,churn,2024-11-14,-864.0,Daniel Wagner
DEAL-000653,CUST-0358,signup,2025-03-07,449.0,Connie Lawrence
DEAL-000654,CUST-0358,expansion,2025-11-28,130.0,Cristian Santos
DEAL-000655,CUST-0359,signup,2025-03-31,449.0,Angie Henderson
DEAL-000656,CUST-0360,signup,2025-09-19,449.0,Cristian Santos
DEAL-000657,CUST-0360,expansion,2025-11-28,460.0,Cristian Santos
DEAL-000658,CUST-0361,signup,2024-06-21,449.0,Noah Rhodes
DEAL-000659,CUST-0361,expansion,2025-06-09,236.0,Angie Henderson
DEAL-000660,CUST-0361,expansion,02-11-2025,363.0,Abigail Shaffer
DEAL-000661,CUST-0362,signup,2025-12-25,449.0,Allison Hill
DEAL-000662,CUST-0363,signup,2024-07-26 00:00:00,449.0,Angie Henderson
DEAL-000663,CUST-0363,expansion,2024-11-27,459.0,Daniel Wagner
DEAL-000664,CUST-0363,expansion,2025-02-12,435.0,Angie Henderson
DEAL-000665,CUST-0364,signup,2025-01-08,449.0,Connie Lawrence
DEAL-000666,CUST-0365,signup,2025-04-05,449.0,Abigail Shaffer
DEAL-000667,CUST-0365,expansion,2025-08-06,489.0,Gina Moore
DEAL-000668,CUST-0366,signup,2024-02-12,449.0,Cristian Santos
DEAL-000669,CUST-0366,expansion,04-09-2024,395.0,Abigail Shaffer
DEAL-000670,CUST-0367,signup,2025-02-25,449.0,Noah Rhodes
DEAL-000671,CUST-0367,expansion,2025-05-15,424.0,Abigail Shaffer
DEAL-000672,CUST-0367,expansion,2025-07-31,331.0,Cristian Santos
DEAL-000673,CUST-0368,signup,2025-10-16,449.0,Gina Moore
DEAL-000674,CUST-0368,expansion,12/16/2025,332.0,Connie Lawrence
DEAL-000675,CUST-0369,signup,2025-01-18,449.0,Allison Hill
DEAL-000676,CUST-0370,signup,2025-02-27,449.0,Noah Rhodes
DEAL-000677,CUST-0370,expansion,2025-06-22,496.0,Gina Moore
DEAL-000678,CUST-0370,churn,07/13/2025,-945.0,Connie Lawrence
DEAL-000679,CUST-0371,signup,2025-08-07,449.0,Gina Moore
DEAL-000680,CUST-0371,expansion,14-10-2025,373.0,Cristian Santos
DEAL-000681,CUST-0371,expansion,2025-11-25,211.0,Connie Lawrence
DEAL-000682,CUST-0371,expansion,2025-11-29,208.0,Cristian Santos
DEAL-000683,CUST-0372,signup,2025-06-21 00:00:00,449.0,Angie Henderson
DEAL-000684,CUST-0372,expansion,2025-10-02,380.0,Gina Moore
DEAL-000685,CUST-0373,signup,02-08-2025,449.0,Allison Hill
DEAL-000686,CUST-0373,expansion,2025-11-13,449.0,Allison Hill
DEAL-000687,CUST-0374,signup,2024-05-13,449.0,Noah Rhodes
DEAL-000688,CUST-0375,signup,2024-10-15,449.0,Angie Henderson
DEAL-000689,CUST-0375,expansion,2024-12-22,163.0,Gina Moore
DEAL-000690,CUST-0375,expansion,2025-10-30,335.0,Gina Moore
DEAL-000691,CUST-0376,signup,2024-04-22,449.0,Daniel Wagner
DEAL-000692,CUST-0376,expansion,2024-06-21,319.0,Angie Henderson
DEAL-000693,CUST-0377,signup,2024-11-25,449.0,Cristian Santos
DEAL-000694,CUST-0377,downgrade,2025-08-26 00:00:00,-120.0,Noah Rhodes
DEAL-000695,CUST-0378,signup,2025-01-14,449.0,Connie Lawrence
DEAL-000696,CUST-0379,signup,2025-08-20,449.0,Connie Lawrence
DEAL-000697,CUST-0379,expansion,2025-11-04,142.0,Angie Henderson
DEAL-000698,CUST-0380,signup,2025-09-08,449.0,Daniel Wagner
DEAL-000699,CUST-0380,expansion,2025-11-10,302.0,Abigail Shaffer
DEAL-000700,CUST-0380,expansion,2025-11-26 00:00:00,471.0,Noah Rhodes
DEAL-000701,CUST-0381,signup,2025-12-10,449.0,Noah Rhodes
DEAL-000702,CUST-0382,signup,2024-07-13,449.0,Angie Henderson
DEAL-000703,CUST-0382,expansion,2024-09-11,209.0,Daniel Wagner
DEAL-000704,CUST-0382,expansion,05/13/2025,139.0,Gina Moore
DEAL-000705,CUST-0383,signup,2025-11-15,449.0,Allison Hill
DEAL-000706,CUST-0384,signup,2024-01-04,449.0,Abigail Shaffer
DEAL-000707,CUST-0384,expansion,2024-03-12 00:00:00,456.0,Angie Henderson
DEAL-000708,CUST-0384,expansion,2025-02-18,161.0,Gina Moore
DEAL-000709,CUST-0385,signup,16-06-2025,449.0,Abigail Shaffer
DEAL-000710,CUST-0385,downgrade,2025-10-23,-138.0,Noah Rhodes
DEAL-000711,CUST-0386,signup,2025-10-13,449.0,Abigail Shaffer
DEAL-000712,CUST-0386,expansion,2025-12-12,152.0,Angie Henderson
DEAL-000713,CUST-0386,expansion,2025-12-14,288.0,Angie Henderson
DEAL-000714,CUST-0386,expansion,2025-12-14,170.0,Noah Rhodes
DEAL-000715,CUST-0387,signup,2024-03-25,449.0,Angie Henderson
DEAL-000716,CUST-0387,expansion,2024-06-01,412.0,Gina Moore
DEAL-000717,CUST-0387,expansion,2025-11-18,388.0,Connie Lawrence
DEAL-000718,CUST-0388,signup,2025-10-25,449.0,Daniel Wagner
DEAL-000719,CUST-0389,signup,2024-09-30,449.0,Gina Moore
DEAL-000720,CUST-0389,expansion,2025-02-14,310.0,Daniel Wagner
DEAL-000721,CUST-0389,expansion,2025-10-16,483.0,Noah Rhodes
DEAL-000722,CUST-0390,signup,2024-08-20,449.0,Noah Rhodes
DEAL-000723,CUST-0390,expansion,2024-12-09,171.0,Abigail Shaffer
DEAL-000724,CUST-0391,signup,2024-01-14,449.0,Connie Lawrence
DEAL-000725,CUST-0391,expansion,2025-03-08,319.0,Angie Henderson
DEAL-000726,CUST-0392,signup,2025-02-02,449.0,Noah Rhodes
DEAL-000727,CUST-0392,expansion,2025-06-05,241.0,Daniel Wagner
DEAL-000728,CUST-0392,churn,2025-12-15,-690.0,Cristian Santos
DEAL-000729,CUST-0393,signup,2025-04-30,449.0,Daniel Wagner
DEAL-000730,CUST-0393,expansion,2025-07-05,437.0,Abigail Shaffer
DEAL-000731,CUST-0393,expansion,2025-09-14,205.0,Cristian Santos
DEAL-000732,CUST-0394,signup,19-05-2025,449.0,Gina Moore
DEAL-000733,CUST-0394,expansion,2025-07-31,222.0,Noah Rhodes
DEAL-000734,CUST-0394,expansion,2025-08-15,223.0,Allison Hill
DEAL-000735,CUST-0394,expansion,11/21/2025,297.0,Connie Lawrence
DEAL-000736,CUST-0395,signup,2024-08-24,449.0,Connie Lawrence
DEAL-000737,CUST-0395,churn,07/09/2025,-449.0,Angie Henderson
DEAL-000738,CUST-0396,signup,2025-10-07,449.0,Abigail Shaffer
DEAL-000739,CUST-0397,signup,2025-09-15,449.0,Angie Henderson
DEAL-000740,CUST-0397,expansion,2025-12-10,287.0,Gina Moore
DEAL-000741,CUST-0398,signup,2024-01-15,449.0,Allison Hill
DEAL-000742,CUST-0398,expansion,2024-05-28,108.0,Cristian Santos
DEAL-000743,CUST-0398,expansion,2025-11-06,134.0,Daniel Wagner
DEAL-000744,CUST-0399,signup,2025-02-09,449.0,Allison Hill
DEAL-000745,CUST-0400,signup,21-10-2024,449.0,Cristian Santos
DEAL-000746,CUST-0400,expansion,2025-01-19,303.0,Abigail Shaffer
DEAL-000747,CUST-0401,signup,2025-07-13,449.0,Abigail Shaffer
DEAL-000748,CUST-0402,signup,2024-09-06,449.0,Noah Rhodes
DEAL-000749,CUST-0402,expansion,2025-10-30,305.0,Angie Henderson
DEAL-000750,CUST-0403,signup,2025-12-23 00:00:00,449.0,Cristian Santos
DEAL-000751,CUST-0404,signup,2025-12-22,449.0,Noah Rhodes
DEAL-000752,CUST-0405,signup,2025-11-06,449.0,Cristian Santos
DEAL-000753,CUST-0406,signup,2024-11-14,449.0,Noah Rhodes
DEAL-000754,CUST-0407,signup,2025-05-25,449.0,Connie Lawrence
DEAL-000755,CUST-0407,expansion,2025-09-01,374.0,Abigail Shaffer
DEAL-000756,CUST-0407,expansion,2025-12-01,204.0,Noah Rhodes
DEAL-000757,CUST-0408,signup,2025-08-08,449.0,Daniel Wagner
DEAL-000758,CUST-0408,expansion,2025-11-15,457.0,Allison Hill
DEAL-000759,CUST-0408,expansion,2025-12-01,473.0,Daniel Wagner
DEAL-000760,CUST-0409,signup,2025-01-21,449.0,Noah Rhodes
DEAL-000761,CUST-0410,signup,2025-06-16 00:00:00,449.0,Noah Rhodes
DEAL-000762,CUST-0410,expansion,2025-12-11,322.0,Gina Moore
DEAL-000763,CUST-0411,signup,2024-10-30,449.0,Allison Hill
DEAL-000764,CUST-0412,signup,2025-06-09,449.0,Allison Hill
DEAL-000765,CUST-0412,expansion,2025-09-21,161.0,Angie Henderson
DEAL-000766,CUST-0412,expansion,2025-10-26,441.0,Allison Hill
DEAL-000767,CUST-0413,signup,2024-05-22,449.0,Connie Lawrence
DEAL-000768,CUST-0413,expansion,2025-01-04,354.0,Cristian Santos
DEAL-000769,CUST-0414,signup,2024-01-14,449.0,Cristian Santos
DEAL-000770,CUST-0414,expansion,2024-07-21,483.0,Noah Rhodes
DEAL-000771,CUST-0414,expansion,2024-08-31,290.0,Allison Hill
DEAL-000772,CUST-0415,signup,2025-11-30,449.0,Connie Lawrence
DEAL-000773,CUST-0416,signup,2025-12-20,449.0,Abigail Shaffer
DEAL-000774,CUST-0417,signup,2024-07-18,449.0,Cristian Santos
DEAL-000775,CUST-0418,signup,2024-05-19,449.0,Noah Rhodes
DEAL-000776,CUST-0418,expansion,2024-09-21,234.0,Gina Moore
DEAL-000777,CUST-0418,downgrade,2025-09-15,-227.0,Gina Moore
DEAL-000778,CUST-0419,signup,2024-03-06,449.0,Allison Hill
DEAL-000779,CUST-0419,expansion,2025-10-10,284.0,Gina Moore
DEAL-000780,CUST-0420,signup,2025-11-14,449.0,Angie Henderson
DEAL-000781,CUST-0421,signup,2025-09-07,449.0,Cristian Santos
DEAL-000782,CUST-0421,expansion,2025-11-29,180.0,Noah Rhodes
DEAL-000783,CUST-0422,signup,2025-01-06,449.0,Noah Rhodes
DEAL-000784,CUST-0423,signup,2025-08-11,449.0,Allison Hill
DEAL-000785,CUST-0423,expansion,2025-11-08,479.0,Daniel Wagner
DEAL-000786,CUST-0423,downgrade,2025-12-09,-91.0,Allison Hill
DEAL-000787,CUST-0424,signup,2025-08-20,449.0,Abigail Shaffer
DEAL-000788,CUST-0424,expansion,2025-11-18,286.0,Angie Henderson
DEAL-000789,CUST-0425,signup,2025-03-05,449.0,Abigail Shaffer
DEAL-000790,CUST-0425,expansion,06/18/2025,118.0,Daniel Wagner
DEAL-000791,CUST-0425,expansion,2025-09-22,465.0,Connie Lawrence
DEAL-000792,CUST-0426,signup,2025-09-22,449.0,Connie Lawrence
DEAL-000793,CUST-0426,expansion,2025-11-28,313.0,Noah Rhodes
DEAL-000794,CUST-0426,expansion,2025-11-29,139.0,Allison Hill
DEAL-000795,CUST-0426,expansion,2025-12-14,263.0,Angie Henderson
DEAL-000796,CUST-0427,signup,2025-09-29,449.0,Daniel Wagner
DEAL-000797,CUST-0428,signup,2024-11-04,449.0,Allison Hill
DEAL-000798,CUST-0429,signup,2025-06-29,449.0,Noah Rhodes
DEAL-000799,CUST-0429,expansion,2025-10-06,267.0,Gina Moore
DEAL-000800,CUST-0429,expansion,2025-10-18,135.0,Allison Hill
DEAL-000801,CUST-0429,expansion,2025-10-26,244.0,Connie Lawrence
DEAL-000802,CUST-0429,churn,2025-12-17,-1095.0,Daniel Wagner
DEAL-000803,CUST-0430,signup,2024-12-05,449.0,Daniel Wagner
DEAL-000804,CUST-0430,expansion,2025-07-02,388.0,Gina Moore
DEAL-000805,CUST-0430,expansion,2025-07-08,478.0,Connie Lawrence
DEAL-000806,CUST-0431,signup,2025-09-17,449.0,Daniel Wagner
DEAL-000807,CUST-0431,expansion,2025-12-04,352.0,Daniel Wagner
DEAL-000808,CUST-0431,expansion,2025-12-10,497.0,Angie Henderson
DEAL-000809,CUST-0432,signup,2025-11-07,449.0,Allison Hill
DEAL-000810,CUST-0433,signup,2024-10-06 00:00:00,449.0,Allison Hill
DEAL-000811,CUST-0433,expansion,2025-04-03,377.0,Connie Lawrence
DEAL-000812,CUST-0433,expansion,2025-05-31,425.0,Allison Hill
DEAL-000813,CUST-0433,expansion,2025-07-02,112.0,Abigail Shaffer
DEAL-000814,CUST-0434,signup,2024-08-27,449.0,Daniel Wagner
DEAL-000815,CUST-0434,expansion,2025-04-01,153.0,Daniel Wagner
DEAL-000816,CUST-0434,expansion,2025-11-07,472.0,Abigail Shaffer
DEAL-000817,CUST-0435,signup,2024-08-02,449.0,Angie Henderson
DEAL-000818,CUST-0435,expansion,2025-06-09,130.0,Cristian Santos
DEAL-000819,CUST-0436,signup,2025-11-23,449.0,Noah Rhodes
DEAL-000820,CUST-0437,signup,2024-07-18,449.0,Abigail Shaffer
DEAL-000821,CUST-0437,expansion,2024-10-08,218.0,Connie Lawrence
DEAL-000822,CUST-0438,signup,2024-07-13,449.0,Gina Moore
DEAL-000823,CUST-0439,signup,2024-12-08,449.0,Angie Henderson
DEAL-000824,CUST-0439,expansion,2025-03-21,397.0,Abigail Shaffer
DEAL-000825,CUST-0439,expansion,2025-03-26,358.0,Noah Rhodes
DEAL-000826,CUST-0440,signup,2024-01-26,449.0,Allison Hill
DEAL-000827,CUST-0440,expansion,2025-11-22,390.0,Abigail Shaffer
DEAL-000828,CUST-0441,signup,02-05-2025,449.0,Daniel Wagner
DEAL-000829,CUST-0441,downgrade,2025-11-22,-113.0,Cristian Santos
DEAL-000830,CUST-0442,signup,2024-07-20,449.0,Abigail Shaffer
DEAL-000831,CUST-0442,expansion,01/29/2025,261.0,Connie Lawrence
DEAL-000832,CUST-0443,signup,2025-10-05,449.0,Cristian Santos
DEAL-000833,CUST-0443,expansion,2025-12-09,331.0,Daniel Wagner
DEAL-000834,CUST-0444,signup,2024-12-13,449.0,Angie Henderson
DEAL-000835,CUST-0444,expansion,2025-03-21,203.0,Noah Rhodes
DEAL-000836,CUST-0445,signup,2024-06-29 00:00:00,449.0,Angie Henderson
DEAL-000837,CUST-0446,signup,2025-06-05,449.0,Connie Lawrence
DEAL-000838,CUST-0446,expansion,2025-08-31,184.0,Abigail Shaffer
DEAL-000839,CUST-0446,expansion,2025-11-27,338.0,Noah Rhodes
DEAL-000840,CUST-0447,signup,2024-09-30,6640.0,Gina Moore
DEAL-000841,CUST-0447,expansion,2025-05-31,1350.0,Cristian Santos
DEAL-000842,CUST-0448,signup,30-11-2025,6045.0,Cristian Santos
DEAL-000843,CUST-0449,signup,2024-12-28,3232.0,Allison Hill
DEAL-000844,CUST-0449,expansion,2025-04-13,1145.0,Daniel Wagner
DEAL-000845,CUST-0449,expansion,2025-07-31,2971.0,Connie Lawrence
DEAL-000846,CUST-0450,signup,2025-06-13,3465.0,Allison Hill
DEAL-000847,CUST-0450,expansion,2025-08-23,1516.0,Cristian Santos
DEAL-000848,CUST-0450,downgrade,2025-11-25,-1311.0,Cristian Santos
DEAL-000849,CUST-0451,signup,2025-01-27,8968.0,Angie Henderson
DEAL-000850,CUST-0452,signup,2025-11-25,2504.0,Abigail Shaffer
DEAL-000851,CUST-0453,signup,03/14/2025,5954.0,Daniel Wagner
DEAL-000852,CUST-0454,signup,2025-05-03,3025.0,Daniel Wagner
DEAL-000853,CUST-0454,expansion,2025-08-06,997.0,Angie Henderson
DEAL-000854,CUST-0454,downgrade,2025-09-01,-626.0,Daniel Wagner
DEAL-000855,CUST-0454,expansion,2025-10-28,917.0,Abigail Shaffer
DEAL-000856,CUST-0455,signup,2024-01-08,5299.0,Allison Hill
DEAL-000857,CUST-0455,expansion,2024-11-28,807.0,Noah Rhodes
DEAL-000858,CUST-0455,expansion,2025-10-25,2900.0,Daniel Wagner
DEAL-000859,CUST-0455,expansion,2025-12-13,844.0,Gina Moore
DEAL-000860,CUST-0456,signup,2024-03-05,8879.0,Connie Lawrence
DEAL-000861,CUST-0456,expansion,2024-09-12,876.0,Noah Rhodes
DEAL-000862,CUST-0457,signup,2025-05-01,2599.0,Gina Moore
DEAL-000863,CUST-0457,expansion,2025-08-12,2850.0,Allison Hill
DEAL-000864,CUST-0457,expansion,2025-10-18,2117.0,Abigail Shaffer
DEAL-000865,CUST-0457,expansion,2025-10-26,707.0,Abigail Shaffer
DEAL-000866,CUST-0458,signup,29-05-2024,3665.0,Cristian Santos
DEAL-000867,CUST-0458,expansion,2025-01-25 00:00:00,1379.0,Cristian Santos
DEAL-000868,CUST-0458,expansion,2025-11-05,1266.0,Gina Moore
DEAL-000869,CUST-0459,signup,2025-08-12,3467.0,Gina Moore
DEAL-000870,CUST-0459,expansion,2025-10-15 00:00:00,1506.0,Allison Hill
DEAL-000871,CUST-0459,expansion,2025-11-17,2543.0,Noah Rhodes
DEAL-000872,CUST-0459,expansion,12/02/2025,2755.0,Cristian Santos
DEAL-000873,CUST-0460,signup,2024-01-28,5387.0,Angie Henderson
DEAL-000874,CUST-0461,signup,2025-08-29,5684.0,Connie Lawrence
DEAL-000875,CUST-0461,expansion,2025-10-29,2066.0,Gina Moore
DEAL-000876,CUST-0461,expansion,2025-11-09,2653.0,Gina Moore
DEAL-000877,CUST-0461,expansion,2025-11-12,2726.0,Connie Lawrence
DEAL-000878,CUST-0462,signup,2024-10-10,6883.0,Abigail Shaffer
DEAL-000879,CUST-0462,expansion,2025-08-23 00:00:00,1817.0,Cristian Santos
DEAL-000880,CUST-0463,signup,2025-10-17,3723.0,Allison Hill
DEAL-000881,CUST-0464,signup,2024-01-24,4862.0,Allison Hill
DEAL-000882,CUST-0464,expansion,2025-11-25,1397.0,Cristian Santos
DEAL-000883,CUST-0465,signup,2025-05-27,2729.0,Gina Moore
DEAL-000884,CUST-0466,signup,23-12-2024,6587.0,Connie Lawrence
DEAL-000885,CUST-0467,signup,2025-12-16,8531.0,Daniel Wagner
DEAL-000886,CUST-0468,signup,2024-03-05,3557.0,Abigail Shaffer
DEAL-000887,CUST-0468,expansion,2024-08-14,1515.0,Connie Lawrence
DEAL-000888,CUST-0468,expansion,2025-01-05,1591.0,Angie Henderson
DEAL-000889,CUST-0468,downgrade,2025-02-12 00:00:00,-1679.0,Angie Henderson
DEAL-000890,CUST-0468,expansion,2025-11-01,729.0,Daniel Wagner
DEAL-000891,CUST-0469,signup,2025-07-12,7103.0,Connie Lawrence
DEAL-000892,CUST-0469,expansion,2025-10-20,1969.0,Angie Henderson
DEAL-000893,CUST-0469,expansion,2025-11-24,615.0,Daniel Wagner
DEAL-000894,CUST-0470,signup,2025-10-04,8888.0,Gina Moore
DEAL-000895,CUST-0470,expansion,2025-12-07,1219.0,Allison Hill
DEAL-000896,CUST-0470,expansion,2025-12-10,2720.0,Noah Rhodes
DEAL-000897,CUST-0471,signup,2025-01-04,2710.0,Gina Moore
DEAL-000898,CUST-0471,expansion,2025-06-25,581.0,Allison Hill
DEAL-000899,CUST-0471,expansion,2025-07-02,2964.0,Connie Lawrence
DEAL-000900,CUST-0472,signup,2024-05-20,7280.0,Connie Lawrence
DEAL-000901,CUST-0472,expansion,2025-02-10,1034.0,Allison Hill
DEAL-000902,CUST-0472,expansion,2025-07-02,1226.0,Allison Hill
DEAL-000903,CUST-0473,signup,2025-05-06,3460.0,Noah Rhodes
DEAL-000904,CUST-0473,expansion,10-08-2025,954.0,Connie Lawrence
DEAL-000905,CUST-0473,expansion,2025-11-16,1994.0,Abigail Shaffer
DEAL-000906,CUST-0473,churn,2025-12-15,-6408.0,Noah Rhodes
DEAL-000907,CUST-0474,signup,2024-06-03,5007.0,Abigail Shaffer
DEAL-000908,CUST-0474,expansion,2024-10-10,1145.0,Gina Moore
DEAL-000909,CUST-0474,expansion,2025-01-03,1821.0,Connie Lawrence
DEAL-000910,CUST-0475,signup,2025-08-22,3677.0,Connie Lawrence
DEAL-000911,CUST-0475,expansion,2025-12-05,2801.0,Daniel Wagner
DEAL-000912,CUST-0476,signup,2024-02-05,89.0,Angie Henderson
DEAL-000913,CUST-0477,signup,2025-04-06,89.0,Cristian Santos
DEAL-000914,CUST-0477,expansion,2025-09-09,39.0,Angie Henderson
DEAL-000915,CUST-0478,signup,2025-08-05,89.0,Angie Henderson
DEAL-000916,CUST-0478,churn,2025-08-24,-89.0,Allison Hill
DEAL-000917,CUST-0479,signup,2025-01-02,89.0,Abigail Shaffer
DEAL-000918,CUST-0480,signup,2024-07-16,89.0,Allison Hill
DEAL-000919,CUST-0480,expansion,2025-11-23,56.0,Angie Henderson
DEAL-000920,CUST-0481,signup,03/12/2024,89.0,Connie Lawrence
DEAL-000921,CUST-0482,signup,2025-07-19,89.0,Angie Henderson
DEAL-000922,CUST-0482,expansion,2025-09-30,51.0,Connie Lawrence
DEAL-000923,CUST-0482,expansion,04-12-2025,34.0,Noah Rhodes
DEAL-000924,CUST-0482,expansion,2025-12-07,56.0,Daniel Wagner
DEAL-000925,CUST-0483,signup,2024-10-02,89.0,Connie Lawrence
DEAL-000926,CUST-0484,signup,2025-11-21,125.0,Connie Lawrence
DEAL-000927,CUST-0485,signup,2025-09-25,125.0,Noah Rhodes
DEAL-000928,CUST-0485,expansion,2025-11-29 00:00:00,60.0,Connie Lawrence
DEAL-000929,CUST-0486,signup,2025-04-03,89.0,Cristian Santos
DEAL-000930,CUST-0486,expansion,2025-09-24,20.0,Daniel Wagner
DEAL-000931,CUST-0487,signup,2025-12-01,125.0,Daniel Wagner
DEAL-000932,CUST-0488,signup,2025-01-28,89.0,Cristian Santos
DEAL-000933,CUST-0488,expansion,2025-04-15,42.0,Noah Rhodes
DEAL-000934,CUST-0488,churn,2025-09-07,-131.0,Allison Hill
DEAL-000935,CUST-0489,signup,12/28/2025,125.0,Allison Hill
DEAL-000936,CUST-0490,signup,2025-09-27,125.0,Abigail Shaffer
DEAL-000937,CUST-0491,signup,2024-08-03,449.0,Abigail Shaffer
DEAL-000938,CUST-0491,expansion,2025-05-14,475.0,Angie Henderson
DEAL-000939,CUST-0492,signup,2025-12-28,449.0,Abigail Shaffer
DEAL-000940,CUST-0493,signup,2025-03-06,449.0,Connie Lawrence
DEAL-000941,CUST-0493,expansion,2025-09-08,293.0,Abigail Shaffer
DEAL-000942,CUST-0493,churn,2025-10-12,-742.0,Noah Rhodes
DEAL-000943,CUST-0494,signup,2024-08-07,449.0,Daniel Wagner
DEAL-000944,CUST-0494,downgrade,2025-09-26,-246.0,Angie Henderson
DEAL-000945,CUST-0494,expansion,2025-12-04,345.0,Gina Moore
DEAL-000946,CUST-0495,signup,2025-11-10,449.0,Noah Rhodes
DEAL-000947,CUST-0496,signup,2024-09-01,449.0,Cristian Santos
DEAL-000948,CUST-0496,expansion,2025-12-14,117.0,Allison Hill
DEAL-000949,CUST-0497,signup,2024-09-05,449.0,Connie Lawrence
DEAL-000950,CUST-0497,expansion,2024-12-27,137.0,Angie Henderson
DEAL-000951,CUST-0497,expansion,2025-04-16,233.0,Abigail Shaffer
DEAL-000952,CUST-0498,signup,2024-03-10,449.0,Angie Henderson
DEAL-000953,CUST-0499,signup,2025-01-30,449.0,Noah Rhodes
DEAL-000954,CUST-0500,signup,2024-04-03,449.0,Noah Rhodes
DEAL-000955,CUST-0391,expansion,10/03/2025,234.0,Gina Moore
DEAL-000956,CUST-0433,expansion,2025-10-30,234.0,Daniel Wagner
DEAL-000957,CUST-0435,expansion,2025-11-23,237.0,Allison Hill
DEAL-000958,CUST-0496,expansion,2025-10-10,485.0,Noah Rhodes
DEAL-000959,CUST-0414,expansion,2025-10-06,442.0,Connie Lawrence
DEAL-000960,CUST-0450,expansion,2025-11-21,2717.0,Abigail Shaffer
DEAL-000961,CUST-0343,expansion,2025-11-18,401.0,Daniel Wagner
DEAL-000962,CUST-0408,expansion,2025-11-05,131.0,Abigail Shaffer
DEAL-000963,CUST-0441,expansion,2025-11-22,367.0,Abigail Shaffer
DEAL-000964,CUST-0363,expansion,2025-11-04,451.0,Gina Moore
DEAL-000965,CUST-0434,expansion,2025-11-06,220.0,Gina Moore
DEAL-000966,CUST-0475,expansion,2025-10-20,823.0,Abigail Shaffer
DEAL-000967,CUST-0361,expansion,2025-11-27,465.0,Allison Hill
DEAL-000968,CUST-0346,expansion,2025-11-02,392.0,Angie Henderson
DEAL-000969,CUST-0352,expansion,2025-10-08,487.0,Gina Moore
DEAL-000970,CUST-0390,expansion,2025-10-12,185.0,Daniel Wagner
DEAL-000971,CUST-0369,expansion,2025-11-21,198.0,Angie Henderson
DEAL-000972,CUST-0366,expansion,2025-10-03,316.0,Noah Rhodes
DEAL-000973,CUST-0402,expansion,2025-11-13,322.0,Daniel Wagner
DEAL-000974,CUST-0449,expansion,2025-11-22,1105.0,Cristian Santos
DEAL-000975,CUST-0426,expansion,2025-10-21,472.0,Noah Rhodes
DEAL-000976,CUST-0453,expansion,2025-10-06,2089.0,Abigail Shaffer
DEAL-000977,CUST-0454,expansion,2025-11-05,1835.0,Cristian Santos
DEAL-000978,CUST-0425,expansion,2025-11-03,334.0,Allison Hill
DEAL-000979,CUST-0377,expansion,2025-11-20,458.0,Abigail Shaffer
DEAL-000980,CUST-0442,expansion,2025-10-08,312.0,Angie Henderson
DEAL-000981,CUST-0380,expansion,2025-10-10,390.0,Noah Rhodes
DEAL-000982,CUST-0384,expansion,2025-11-29,154.0,Noah Rhodes
DEAL-000983,CUST-0374,expansion,11/20/2025,246.0,Connie Lawrence
DEAL-000984,CUST-0466,expansion,2025-11-26,2183.0,Cristian Santos
DEAL-000985,CUST-0468,expansion,2025-10-25,2488.0,Gina Moore
DEAL-000986,CUST-0400,expansion,2025-10-03,188.0,Cristian Santos
DEAL-000987,CUST-0429,expansion,2025-10-26,173.0,Abigail Shaffer
DEAL-000988,CUST-0459,expansion,2025-10-03,2121.0,Connie Lawrence
DEAL-000989,CUST-0417,expansion,14-11-2025,221.0,Allison Hill
DEAL-000990,CUST-0360,expansion,2025-11-17,343.0,Cristian Santos
DEAL-000991,CUST-0447,expansion,2025-11-27,2025.0,Allison Hill
DEAL-000992,CUST-0394,expansion,2025-10-22,255.0,Cristian Santos
DEAL-000993,CUST-0338,expansion,2025-10-18,351.0,Noah Rhodes
DEAL-000994,CUST-0407,expansion,2025-11-25,216.0,Angie Henderson
DEAL-000995,CUST-0351,expansion,20-10-2025,480.0,Gina Moore
DEAL-000996,CUST-0382,expansion,19-11-2025,264.0,Cristian Santos
DEAL-000997,CUST-0499,expansion,2025-11-16,313.0,Noah Rhodes
DEAL-000998,CUST-0497,expansion,2025-10-13,326.0,Daniel Wagner
DEAL-000999,CUST-0367,expansion,2025-11-28,308.0,Gina Moore
DEAL-001000,CUST-0460,expansion,2025-11-18,2615.0,Connie Lawrence
DEAL-001001,CUST-0491,expansion,2025-11-22,128.0,Angie Henderson
DEAL-001002,CUST-0464,expansion,2025-10-05,1774.0,Abigail Shaffer
DEAL-001003,CUST-0473,expansion,2025-10-09,2647.0,Allison Hill
DEAL-001004,CUST-0472,expansion,2025-10-12,1289.0,Daniel Wagner
DEAL-001005,CUST-0350,expansion,2025-11-23,129.0,Daniel Wagner
DEAL-001006,CUST-0413,expansion,2025-10-03,333.0,Allison Hill
DEAL-001007,CUST-0354,expansion,2025-11-28,284.0,Daniel Wagner
DEAL-001008,CUST-0385,expansion,2025-10-18,288.0,Gina Moore
DEAL-001009,CUST-0446,expansion,2025-11-02,303.0,Noah Rhodes
DEAL-001010,CUST-0423,expansion,2025-11-13,115.0,Daniel Wagner
DEAL-001011,CUST-0375,expansion,2025-10-24,350.0,Gina Moore
DEAL-001012,CUST-0410,expansion,2025-10-12,342.0,Connie Lawrence
DEAL-001013,CUST-0465,expansion,2025-10-23,1169.0,Cristian Santos
DEAL-001014,CUST-0356,expansion,2025-11-17,452.0,Noah Rhodes
DEAL-001015,CUST-0345,expansion,2025-10-19,114.0,Abigail Shaffer
DEAL-001016,CUST-0389,expansion,2025-10-04,183.0,Daniel Wagner
DEAL-001017,CUST-0378,expansion,2025-11-24,213.0,Daniel Wagner
DEAL-001018,CUST-0462,expansion,2025-11-13,1346.0,Cristian Santos
DEAL-001019,CUST-0498,expansion,2025-11-11,309.0,Allison Hill
DEAL-001020,CUST-0365,expansion,2025-11-25,499.0,Allison Hill
DEAL-001021,CUST-0471,expansion,2025-10-31,1041.0,Angie Henderson
DEAL-001022,CUST-0406,expansion,2025-11-08,104.0,Daniel Wagner
DEAL-001023,CUST-0437,expansion,2025-10-17,411.0,Cristian Santos
DEAL-001024,CUST-0372,expansion,2025-11-15,463.0,Cristian Santos
